{
  "class_name": "SDSAEDataset",
  "dtype": "torch.float32",
  "vector_size": 768,
  "len": 223758458,
  "mean_center": true,
  "target_norm": 27.712812921102035,
  "scaling_factor": 1.0926562485876634,
  "data_path": "/mnt/evafs/groups/mi2lab/vzaigrajew/data/ESAE/embeddings/CC3M_15_train_target_223758458_768.npy",
  "seq_len": 77,
  "use_lens": false,
  "seq_id": 76,
  "mean": [
    -0.05062846094369888,
    -0.04244767501950264,
    0.12950994074344635,
    -0.019447913393378258,
    -1.7117160558700562,
    -0.15483200550079346,
    -0.2237473577260971,
    -0.22669708728790283,
    -0.15376326441764832,
    0.34067201614379883,
    -0.4713273346424103,
    0.20908232033252716,
    0.1581898331642151,
    -0.5415852069854736,
    0.4569547474384308,
    0.029538340866565704,
    -0.42836716771125793,
    0.22859232127666473,
    -0.3210831880569458,
    0.6343441605567932,
    -0.03932958468794823,
    0.4312833547592163,
    -0.044685233384370804,
    0.18465977907180786,
    -0.49205291271209717,
    -0.22096756100654602,
    0.06065463647246361,
    -0.5121230483055115,
    -0.5401839017868042,
    -0.17690275609493256,
    -0.17580842971801758,
    0.1321764886379242,
    0.05697019025683403,
    -0.2709467113018036,
    -0.011751511134207249,
    -0.07971318811178207,
    -0.43057528138160706,
    -0.5010949969291687,
    -0.4420761168003082,
    0.06072404980659485,
    0.20701058208942413,
    -0.18901631236076355,
    -0.20075102150440216,
    -0.859928548336029,
    -0.6179161071777344,
    -0.43652525544166565,
    -0.19361169636249542,
    -0.4095749855041504,
    -0.20725448429584503,
    -0.4738873243331909,
    0.2441786527633667,
    0.4319828748703003,
    0.03222694993019104,
    0.7486068606376648,
    0.059747885912656784,
    0.1033654510974884,
    0.08251197636127472,
    -0.5812361240386963,
    -0.010520275682210922,
    -0.41167476773262024,
    0.0849846675992012,
    -0.22789056599140167,
    -0.06951609998941422,
    0.2660937011241913,
    -0.30153998732566833,
    -0.27846094965934753,
    -0.05197806656360626,
    -0.009359200485050678,
    -0.2473166435956955,
    2.201228618621826,
    -0.554430365562439,
    0.05228063091635704,
    -0.15059970319271088,
    -0.205892875790596,
    -0.1500745415687561,
    0.4121662378311157,
    0.03457682207226753,
    0.07140783220529556,
    0.040028590708971024,
    0.17624789476394653,
    -0.25166162848472595,
    0.9434030652046204,
    -0.25698232650756836,
    0.3967180848121643,
    -0.13450586795806885,
    -0.19247883558273315,
    0.16344915330410004,
    -0.24618187546730042,
    -0.634917140007019,
    -0.46847087144851685,
    -0.5500454306602478,
    -0.6815866827964783,
    0.7311761379241943,
    0.5319200158119202,
    0.30538544058799744,
    0.13482986390590668,
    -0.3811219036579132,
    0.2050216645002365,
    -0.03411850705742836,
    -0.25010961294174194,
    -0.3517058193683624,
    -0.06740719079971313,
    0.3354337513446808,
    -0.157143697142601,
    -0.21860532462596893,
    -0.47312575578689575,
    -0.3057902157306671,
    0.10867750644683838,
    -0.3553001582622528,
    -0.6659535765647888,
    -0.10482373833656311,
    -0.2571146786212921,
    -0.34490343928337097,
    0.007748950272798538,
    -0.11849138140678406,
    -0.09355802834033966,
    0.4467616081237793,
    0.22859935462474823,
    -0.40294092893600464,
    -0.26725974678993225,
    -0.32790303230285645,
    0.18336762487888336,
    -0.12088261544704437,
    -0.07490340620279312,
    -0.4690578579902649,
    0.17783282697200775,
    -0.7153913378715515,
    0.2955211400985718,
    -0.13547354936599731,
    -0.2681668996810913,
    -0.04145754873752594,
    0.42738550901412964,
    -0.17628033459186554,
    0.3236977756023407,
    -0.32916897535324097,
    -0.20838430523872375,
    0.13832120597362518,
    -0.5303877592086792,
    0.38496488332748413,
    0.16093206405639648,
    0.2173268347978592,
    0.07454055547714233,
    -0.48012638092041016,
    0.05418277904391289,
    0.06718458235263824,
    0.12886051833629608,
    -0.18945205211639404,
    -0.30281707644462585,
    -0.14230117201805115,
    -0.1335037499666214,
    -0.06913290917873383,
    0.19901823997497559,
    -0.0992647185921669,
    -0.07210581004619598,
    0.009200702421367168,
    2.7503397464752197,
    -0.638991117477417,
    -0.579352617263794,
    -0.2919507920742035,
    -0.5409789681434631,
    -0.5036506056785583,
    0.07119743525981903,
    0.19497594237327576,
    -0.5046094655990601,
    0.09550494700670242,
    0.11480963975191116,
    -0.23951628804206848,
    -0.1257220357656479,
    -0.02732253447175026,
    -0.36647656559944153,
    -0.5159571170806885,
    -0.5453792214393616,
    -0.14926955103874207,
    0.19084788858890533,
    -0.262798935174942,
    0.0018744355766102672,
    -0.6742808818817139,
    0.2908056080341339,
    0.21170368790626526,
    -0.23594558238983154,
    -0.00784533191472292,
    -0.09247344732284546,
    0.13164213299751282,
    0.23320509493350983,
    -0.561186671257019,
    0.2129860818386078,
    -0.2761402726173401,
    -1.2040464878082275,
    0.24193336069583893,
    0.27471017837524414,
    0.35350123047828674,
    -0.023952245712280273,
    -0.6027360558509827,
    -0.3069089353084564,
    -0.038384292274713516,
    -0.12136602401733398,
    -0.15457795560359955,
    -0.20982861518859863,
    -0.6724302172660828,
    -0.2584457993507385,
    -0.048166561871767044,
    -0.6641789078712463,
    0.0744829922914505,
    -0.1075013279914856,
    0.4437766671180725,
    -0.3265952467918396,
    -0.5715978741645813,
    -0.3756362199783325,
    -0.2617994546890259,
    0.009281881153583527,
    -0.19140222668647766,
    -0.582744836807251,
    -0.27365532517433167,
    -0.5932441353797913,
    -0.141919806599617,
    0.033991869539022446,
    -0.0020800188649445772,
    0.04925297945737839,
    0.10279210656881332,
    0.4983484447002411,
    -0.09016803652048111,
    0.3004404306411743,
    -0.08468160778284073,
    -0.13491298258304596,
    0.22493168711662292,
    -0.49130088090896606,
    -0.1719067096710205,
    0.21034015715122223,
    0.19975391030311584,
    -0.7815739512443542,
    -0.5999920964241028,
    -0.5504164099693298,
    -0.5667115449905396,
    0.2651820182800293,
    0.3071931004524231,
    -0.4486827552318573,
    0.1258590668439865,
    -0.11457990109920502,
    -0.4968115985393524,
    0.08715406060218811,
    0.4731520414352417,
    0.405118465423584,
    -0.19523397088050842,
    0.05757741630077362,
    -0.33989229798316956,
    -0.23595067858695984,
    0.2938452661037445,
    -0.2154112458229065,
    -0.3695993423461914,
    0.3304637670516968,
    -0.041596319526433945,
    -0.04627549275755882,
    0.30753612518310547,
    -0.15298578143119812,
    -0.20418694615364075,
    -0.2553974390029907,
    -0.7324150800704956,
    0.017510555684566498,
    -0.03981669247150421,
    -0.2725147306919098,
    -0.017032399773597717,
    -0.63763028383255,
    -0.052284643054008484,
    -0.09887365996837616,
    -0.6540476679801941,
    -0.10927135497331619,
    -0.14705246686935425,
    -0.1669168621301651,
    -0.1117262914776802,
    0.10666656494140625,
    -0.3582249879837036,
    -0.18903885781764984,
    -0.06797510385513306,
    0.15771783888339996,
    0.2056117206811905,
    0.022742202505469322,
    -0.4236665964126587,
    -0.6303392052650452,
    -0.18716850876808167,
    0.18485701084136963,
    -0.28928306698799133,
    -1.0848021507263184,
    -0.1902579665184021,
    0.007594832684844732,
    0.1075366660952568,
    -0.5262677073478699,
    0.2895428538322449,
    -0.22798696160316467,
    -0.11892544478178024,
    -0.0005677143926732242,
    -0.2555207312107086,
    0.1957228183746338,
    -0.222514346241951,
    0.04724821075797081,
    -0.0933108702301979,
    -0.7761716842651367,
    0.3405555784702301,
    -0.08316981792449951,
    -0.43480533361434937,
    -0.5023640990257263,
    0.013316514901816845,
